{"cameraMode":{"drawMode":0,"name":"Shaded","section":"Shading Mode"},"sceneLighting":false,"audioPlay":false,"sceneViewState":{"showFog":false,"showMaterialUpdate":false,"showSkybox":false,"showFlares":false,"showImageEffects":false,"showParticleSystems":false},"in2DMode":false,"pivot":{"x":-1.1762657165527344,"y":0.057329416275024417,"z":0.5832678079605103},"rotation":{"x":-0.08665511757135391,"y":0.6868844628334045,"z":-0.08303989470005036,"w":-0.7167882919311523},"size":2.9660251140594484,"orthographic":false}